"","id_ci","area","Bugburn","Hopperburn","Grassy stunt","Ragged stunt","Rice tungro","Yellowing syndrome","Orange Leaf Syndrome","Southern Rice Black Streaked Dwarf Virus"
"1",1,1,0,0,0,0,0,0,0,0
"2",1,2,0,0,0,0,0,0,0,0
"3",1,3,0,0,0,0,0,0,0,0
"4",1,4,0,0,0,0,0,0,0,0
"5",1,5,0,0,0,0,0,0,0,0
"6",2,1,0,0,0,0,0,0,0,0
"7",2,2,0,0,0,0,0,0,0,0
"8",2,3,0,0,0,0,0,0,0,0
"9",2,4,0,0,0,0,0,0,0,0
"10",2,5,0,0,0,0,0,0,0,0
"11",3,1,0,0,0,0,0,0,0,0
"12",3,2,0,0,0,0,0,0,0,0
"13",3,3,0,0,0,0,0,0,0,0
"14",3,4,0,0,0,0,0,0,0,0
"15",3,5,0,0,0,0,0,0,0,0
"16",4,1,0,0,0,0,0,0,0,0
"17",4,2,0,0,0,0,0,0,0,0
"18",4,3,0,0,0,0,0,0,0,0
"19",4,4,0,0,0,0,0,0,0,0
"20",4,5,0,0,0,0,0,0,0,0
"21",5,1,0,0,0,0,0,0,0,0
"22",5,2,0,0,0,0,0,0,0,0
"23",5,3,0,0,0,0,0,0,0,0
"24",5,4,0,0,0,0,0,0,0,0
"25",5,5,0,0,0,0,0,0,0,0
"26",6,1,0,0,0,0,0,0,0,0
"27",6,2,0,0,0,0,0,0,0,0
"28",6,3,0,0,0,0,0,0,0,0
"29",6,4,0,0,0,0,0,0,0,0
"30",6,5,0,0,0,0,0,0,0,0
"31",8,1,0,0,0,0,0,0,0,0
"32",8,2,0,0,0,0,0,0,0,0
"33",8,3,0,0,0,0,0,0,0,0
"34",8,4,0,0,0,0,0,0,0,0
"35",8,5,0,0,0,0,0,0,0,0
"36",9,1,0,0,0,0,0,0,0,0
"37",9,2,0,0,0,0,0,0,0,0
"38",9,3,0,0,0,0,0,0,0,0
"39",9,4,0,0,0,0,0,0,0,0
"40",9,5,0,0,0,0,0,0,0,0
"41",11,1,0,0,0,0,0,0,0,0
"42",11,2,0,0,0,0,0,0,0,0
"43",11,3,0,0,0,0,0,0,0,0
"44",11,4,0,0,0,0,0,0,0,0
"45",11,5,0,0,0,5,0,0,0,0
"46",12,1,0,0,0,0,0,0,0,0
"47",12,2,0,0,0,0,0,0,0,0
"48",12,3,0,0,0,0,0,0,0,0
"49",12,4,0,0,0,0,0,0,0,0
"50",12,5,0,0,0,0,0,0,0,0
"51",13,1,0,0,0,0,0,0,0,0
"52",13,2,0,0,0,0,0,0,0,0
"53",13,3,0,0,0,0,0,0,0,0
"54",13,4,0,0,0,0,0,0,0,0
"55",13,5,0,0,0,0,0,0,0,0
"56",14,1,0,0,0,0,0,0,0,0
"57",14,2,0,0,0,0,0,0,0,0
"58",14,3,0,0,0,0,0,0,0,0
"59",14,4,0,0,0,0,0,0,0,0
"60",14,5,0,0,0,0,0,0,0,0
"61",15,1,0,0,0,0,0,0,0,0
"62",15,2,0,0,0,0,0,0,0,0
"63",15,3,0,0,0,0,0,0,0,0
"64",15,4,0,0,0,0,0,0,0,0
"65",15,5,0,0,0,0,0,0,0,0
"66",16,1,0,0,0,0,0,0,0,0
"67",16,2,0,0,0,0,0,0,0,0
"68",16,3,0,0,0,0,0,0,0,0
"69",16,4,0,0,0,0,0,0,0,0
"70",16,5,0,0,0,0,0,0,0,0
"71",17,1,0,0,0,0,0,0,0,0
"72",17,2,0,0,0,0,0,0,0,0
"73",17,3,0,0,0,0,0,0,0,0
"74",17,4,0,0,0,0,0,0,0,0
"75",17,5,0,0,0,0,0,0,0,0
"76",18,1,0,0,0,0,0,0,0,0
"77",18,2,0,0,0,0,0,0,0,0
"78",18,3,0,0,0,0,0,0,0,0
"79",18,4,0,0,0,0,0,0,0,0
"80",18,5,0,0,0,0,0,0,0,0
"81",19,1,0,0,0,0,0,0,0,0
"82",19,2,0,0,0,0,0,0,0,0
"83",19,3,0,0,0,0,0,0,0,0
"84",19,4,0,0,0,0,0,0,0,0
"85",19,5,0,0,0,0,0,0,0,0
"86",20,1,0,0,0,0,0,0,0,0
"87",20,2,0,0,0,0,0,0,0,0
"88",20,3,0,0,0,0,0,0,0,0
"89",20,4,0,0,0,0,0,0,0,0
"90",20,5,0,0,0,0,0,0,0,0
"91",21,1,0,0,0,0,0,0,0,0
"92",21,2,0,0,0,0,0,0,0,0
"93",21,3,0,0,0,0,0,0,0,0
"94",21,4,0,0,0,0,0,0,0,0
"95",21,5,0,0,0,0,0,0,0,0
"96",22,1,0,0,0,0,0,0,0,0
"97",22,2,0,0,0,0,0,0,0,0
"98",22,3,0,0,0,0,0,0,0,0
"99",22,4,0,0,0,0,0,0,0,0
"100",22,5,0,0,0,0,0,0,0,0
"101",23,1,0,0,0,0,0,0,0,0
"102",23,2,0,0,0,0,0,0,0,0
"103",23,3,0,0,0,0,0,0,0,0
"104",23,4,0,0,0,0,0,0,0,0
"105",23,5,0,0,0,0,0,0,0,0
"106",24,1,0,0,0,0,0,0,0,0
"107",24,2,0,0,0,0,0,0,0,0
"108",24,3,0,0,0,0,0,0,0,0
"109",24,4,0,0,0,0,0,0,0,0
"110",24,5,0,0,0,0,0,0,0,0
"111",25,1,0,0,0,0,0,0,0,0
"112",25,2,0,0,0,0,0,0,0,0
"113",25,3,0,0,0,0,0,0,0,0
"114",25,4,0,0,0,0,0,0,0,0
"115",25,5,0,0,0,0,0,0,0,0
"116",26,1,0,0,0,0,0,0,0,0
"117",26,2,0,0,0,0,0,0,0,0
"118",26,3,0,0,0,0,0,0,0,0
"119",26,4,0,0,0,0,0,0,0,0
"120",26,5,0,0,0,0,0,0,0,0
"121",27,1,0,0,0,0,0,0,0,0
"122",27,2,0,0,0,0,0,0,0,0
"123",27,3,0,0,0,0,0,0,0,0
"124",27,4,0,0,0,0,0,0,0,0
"125",27,5,0,0,0,0,0,0,0,0
"126",28,1,0,0,0,0,0,0,0,0
"127",28,2,0,0,0,0,0,0,0,0
"128",28,3,0,0,0,0,0,0,0,0
"129",28,4,0,0,0,0,0,0,0,0
"130",28,5,0,0,0,0,0,0,0,0
"131",29,1,0,0,0,0,0,0,0,0
"132",29,2,0,0,0,0,0,0,0,0
"133",29,3,0,0,0,0,0,0,0,0
"134",29,4,0,0,0,0,0,0,0,0
"135",29,5,0,0,0,0,0,0,0,0
"136",30,1,0,0,0,0,0,0,0,0
"137",30,2,0,0,0,0,0,0,0,0
"138",30,3,0,0,0,0,0,0,0,0
"139",30,4,0,0,0,0,0,0,0,0
"140",30,5,0,0,0,0,0,0,0,0
"141",31,1,0,0,0,0,0,0,0,0
"142",31,2,0,0,0,0,0,0,0,0
"143",31,3,0,0,0,0,0,0,0,0
"144",31,4,0,0,0,0,0,0,0,0
"145",31,5,0,0,0,0,0,0,0,0
"146",32,1,0,0,0,0,0,0,0,0
"147",32,2,0,0,0,0,0,0,0,0
"148",32,3,0,0,0,0,0,0,0,0
"149",32,4,0,0,0,0,0,0,0,0
"150",32,5,0,0,0,0,0,0,0,0
"151",33,1,0,0,0,0,0,0,0,0
"152",33,2,0,0,0,0,0,0,0,0
"153",33,3,0,0,0,0,0,0,0,0
"154",33,4,0,0,0,0,0,0,0,0
"155",33,5,0,0,0,0,0,0,0,0
"156",34,1,0,0,0,0,0,0,0,0
"157",34,2,0,0,0,0,0,0,0,0
"158",34,3,0,0,0,0,0,0,0,0
"159",34,4,0,0,0,0,0,0,0,0
"160",34,5,0,0,0,0,0,0,0,0
"161",35,1,0,0,0,0,0,0,0,0
"162",35,2,0,0,0,0,0,0,0,0
"163",35,3,0,0,0,0,0,0,0,0
"164",35,4,0,0,0,0,0,0,0,0
"165",35,5,0,0,0,0,0,0,0,0
"166",36,1,0,0,0,0,0,0,0,0
"167",36,2,0,0,0,0,0,0,0,0
"168",36,3,0,0,0,0,0,0,0,0
"169",36,4,0,0,0,0,0,0,0,0
"170",36,5,0,0,0,0,0,0,0,0
"171",37,1,0,0,0,0,0,0,0,0
"172",37,2,0,0,0,0,0,0,0,0
"173",37,3,0,0,0,0,0,0,0,0
"174",37,4,0,0,0,0,0,0,0,0
"175",37,5,0,0,0,0,0,0,0,0
"176",38,1,0,0,0,0,0,0,0,0
"177",38,2,0,0,0,0,0,0,0,0
"178",38,3,0,0,0,0,0,0,0,0
"179",38,4,0,0,0,0,0,0,0,0
"180",38,5,0,0,0,0,0,0,0,0
"181",39,1,0,0,0,0,0,0,0,0
"182",39,2,0,0,0,0,0,0,0,0
"183",39,3,0,0,0,0,0,0,0,0
"184",39,4,0,0,0,0,0,0,0,0
"185",39,5,0,0,0,0,0,0,0,0
"186",40,1,0,0,0,0,0,0,0,0
"187",40,2,0,0,0,0,0,0,0,0
"188",40,3,0,0,0,0,0,0,0,0
"189",40,4,0,0,0,0,0,0,0,0
"190",40,5,0,0,0,0,0,0,0,0
"191",41,1,0,0,0,0,0,0,0,0
"192",41,2,0,0,0,0,0,0,0,0
"193",41,3,0,0,0,0,0,0,0,0
"194",41,4,0,0,0,0,0,0,0,0
"195",41,5,0,0,0,0,0,0,0,0
"196",42,1,0,0,0,0,0,0,0,0
"197",42,2,0,0,0,0,0,0,0,0
"198",42,3,0,0,0,0,0,0,0,0
"199",42,4,0,0,0,0,0,0,0,0
"200",42,5,0,0,0,0,0,0,0,0
"201",43,1,0,0,0,0,0,0,0,0
"202",43,2,0,0,0,0,0,0,0,0
"203",43,3,0,0,0,0,0,0,0,0
"204",43,4,0,0,0,0,0,0,0,0
"205",43,5,0,0,0,0,0,0,0,0
"206",44,1,0,0,0,0,0,0,0,0
"207",44,2,0,0,0,0,0,0,0,0
"208",44,3,0,0,0,0,0,0,0,0
"209",44,4,0,0,0,0,0,0,0,0
"210",44,5,0,0,0,0,0,0,0,0
"211",45,1,0,0,0,0,0,0,0,0
"212",45,2,0,0,0,0,0,0,0,0
"213",45,3,0,0,0,0,0,0,0,0
"214",45,4,0,0,0,0,0,0,0,0
"215",45,5,0,0,0,0,0,0,0,0
"216",46,1,0,0,0,0,0,0,0,0
"217",46,2,0,0,0,0,0,0,0,0
"218",46,3,0,0,0,0,0,0,0,0
"219",46,4,0,0,0,0,0,0,0,0
"220",46,5,0,0,0,0,0,0,0,0
"221",47,1,0,0,0,0,0,0,0,0
"222",47,2,0,0,0,0,0,0,0,0
"223",47,3,0,0,0,0,0,0,0,0
"224",47,4,0,0,0,0,0,0,0,0
"225",47,5,0,0,0,0,0,0,0,0
"226",48,1,0,20,0,0,0,0,0,0
"227",48,2,0,0,0,0,0,0,0,0
"228",48,3,0,10,0,0,0,0,0,0
"229",48,4,0,0,0,0,0,0,0,0
"230",48,5,0,0,0,0,0,0,0,0
"231",49,1,0,0,0,0,0,0,0,0
"232",49,2,0,0,0,0,0,0,0,0
"233",49,3,0,0,0,0,0,0,0,0
"234",49,4,0,0,0,0,0,0,0,0
"235",49,5,0,0,0,0,0,0,0,0
"236",50,1,0,0,0,0,0,0,0,0
"237",50,2,3,0,0,0,0,0,0,0
"238",50,3,0,0,0,0,0,0,0,0
"239",50,4,0,0,0,0,0,0,0,0
"240",50,5,0,0,0,0,0,0,0,0
"241",51,1,0,0,0,0,0,0,0,0
"242",51,2,0,0,0,0,0,0,0,0
"243",51,3,0,0,0,0,0,0,0,0
"244",51,4,0,0,0,0,0,0,0,0
"245",51,5,0,0,0,0,0,0,0,0
"246",52,1,0,0,0,0,0,0,0,0
"247",52,2,0,0,0,0,0,0,0,0
"248",52,3,0,0,0,0,0,0,0,0
"249",52,4,0,0,0,0,0,0,0,0
"250",52,5,0,0,0,0,0,0,0,0
"251",53,1,0,0,0,0,0,0,0,0
"252",53,2,0,0,0,0,0,0,0,0
"253",53,3,0,0,0,0,0,0,0,0
"254",53,4,0,0,0,0,0,0,0,0
"255",53,5,0,0,0,0,0,0,0,0
"256",54,1,0,0,0,0,0,0,0,0
"257",54,2,0,0,0,0,0,0,0,0
"258",54,3,0,0,0,0,0,0,0,0
"259",54,4,0,0,0,0,0,0,0,0
"260",54,5,0,0,0,0,0,0,0,0
"261",55,1,0,0,0,0,0,0,0,0
"262",55,2,0,0,0,0,0,0,0,0
"263",55,3,0,0,0,0,0,0,0,0
"264",55,4,0,0,0,0,0,0,0,0
"265",55,5,0,0,0,0,0,0,0,0
"266",56,1,0,0,0,0,0,0,0,0
"267",56,2,0,0,0,0,0,0,0,0
"268",56,3,0,0,0,0,0,0,0,0
"269",56,4,0,0,0,0,0,0,0,0
"270",56,5,0,0,0,0,0,0,0,0
"271",57,1,0,0,0,0,0,0,0,0
"272",57,2,0,0,0,0,0,0,0,0
"273",57,3,0,0,0,0,0,0,0,0
"274",57,4,0,0,0,0,0,0,0,0
"275",57,5,0,0,0,0,0,0,0,0
"276",58,1,0,0,0,0,0,0,0,0
"277",58,2,0,0,0,0,0,0,0,0
"278",58,3,0,0,0,0,0,0,0,0
"279",58,4,0,0,0,0,0,0,0,0
"280",58,5,0,0,0,0,0,0,0,0
"281",59,1,0,0,0,0,0,0,0,0
"282",59,2,0,0,0,0,0,0,0,0
"283",59,3,0,0,0,0,0,0,0,0
"284",59,4,0,0,0,0,0,0,0,0
"285",59,5,0,0,0,0,0,0,0,0
"286",60,1,0,0,0,0,0,0,0,0
"287",60,2,0,0,0,0,0,0,0,0
"288",60,3,0,0,0,0,0,0,0,0
"289",60,4,0,0,0,0,0,0,0,0
"290",60,5,0,0,0,0,0,0,0,0
"291",61,1,10,15,10,10,5,2,0,0
"292",61,2,5,10,10,0,10,4,0,0
"293",61,3,10,10,5,10,5,6,0,0
"294",61,4,5,5,10,10,10,4,0,0
"295",61,5,8,10,10,0,5,0,0,0
"296",62,1,5,5,2,1,1,2,0,0
"297",62,2,3,3,1,0,0,0,0,0
"298",62,3,5,3,0,0,1,2,0,0
"299",62,4,2,0,2,2,0,1,0,0
"300",62,5,5,2,1,1,1,0,0,0
"301",63,1,0,0,0,0,0,0,0,0
"302",63,2,0,0,0,0,0,0,0,0
"303",63,3,0,0,0,0,0,0,0,0
"304",63,4,0,0,0,0,0,0,0,0
"305",63,5,0,0,0,0,0,0,0,0
"306",64,1,0,0,0,0,0,0,0,0
"307",64,2,0,0,0,0,0,0,0,0
"308",64,3,0,0,0,0,0,0,0,0
"309",64,4,0,0,0,0,0,0,0,0
"310",64,5,0,0,0,0,0,0,0,0
"311",65,1,0,0,0,0,0,0,0,0
"312",65,2,0,2,0,0,0,0,0,0
"313",65,3,0,6,0,0,0,0,0,0
"314",65,4,0,3,0,0,0,0,0,0
"315",65,5,0,0,0,0,0,0,0,0
"316",66,1,0,0,0,0,0,0,0,0
"317",66,2,0,0,0,0,0,0,0,0
"318",66,3,0,0,0,0,0,0,0,0
"319",66,4,0,0,0,0,0,0,0,0
"320",66,5,0,0,0,0,0,0,0,0
"321",67,1,0,0,0,0,0,0,0,0
"322",67,2,0,0,0,0,0,0,0,0
"323",67,3,0,0,0,0,0,0,0,0
"324",67,4,0,0,0,0,0,0,0,0
"325",67,5,0,0,0,0,0,0,0,0
"326",68,1,0,0,0,0,0,0,0,0
"327",68,2,0,0,0,0,0,0,0,0
"328",68,3,0,0,0,0,0,0,0,0
"329",68,4,0,0,0,0,0,0,0,0
"330",68,5,0,0,0,0,0,0,0,0
"331",69,1,0,2,0,0,0,0,0,0
"332",69,2,0,3,0,0,0,0,0,0
"333",69,3,0,0,0,0,0,0,0,0
"334",69,4,0,0,0,0,0,0,0,0
"335",69,5,0,2,0,0,0,0,0,0
"336",70,1,0,0,0,0,0,0,0,0
"337",70,2,0,0,0,0,0,0,0,0
"338",70,3,0,0,0,0,0,0,0,0
"339",70,4,0,0,0,0,0,0,0,0
"340",70,5,0,0,0,0,0,0,0,0
"341",71,1,0,2,0,0,0,0,0,0
"342",71,2,0,4,0,0,0,0,0,0
"343",71,3,0,0,0,0,0,0,0,0
"344",71,4,0,1,0,0,0,0,0,0
"345",71,5,0,2,0,0,0,0,0,0
"346",72,1,0,5,0,0,0,0,0,0
"347",72,2,0,3,0,0,0,0,0,0
"348",72,3,0,2,0,0,0,0,0,0
"349",72,4,0,4,0,0,0,0,0,0
"350",72,5,0,5,0,0,0,0,0,0
"351",73,1,0,0,0,0,0,0,0,0
"352",73,2,0,0,0,0,0,0,0,0
"353",73,3,0,0,0,0,0,0,0,0
"354",73,4,0,0,0,0,0,0,0,0
"355",73,5,0,0,0,0,0,0,0,0
"356",74,1,0,0,0,0,0,0,0,0
"357",74,2,0,0,0,0,0,0,0,0
"358",74,3,0,0,0,0,0,0,0,0
"359",74,4,0,0,0,0,0,0,0,0
"360",74,5,0,0,0,0,0,0,0,0
"361",75,1,0,4,0,0,0,0,0,0
"362",75,2,0,2,0,0,0,0,0,0
"363",75,3,0,2,0,0,0,0,0,0
"364",75,4,0,3,0,0,0,0,0,0
"365",75,5,0,4,0,0,0,0,0,0
"366",76,1,0,0,0,0,0,0,0,0
"367",76,2,0,0,0,0,0,0,0,0
"368",76,3,0,0,0,0,0,0,0,0
"369",76,4,0,0,0,0,0,0,0,0
"370",76,5,0,0,0,0,0,0,0,0
"371",77,1,0,3,0,0,0,0,0,0
"372",77,2,0,2,0,0,0,0,0,0
"373",77,3,0,3,0,0,0,0,0,0
"374",77,4,0,4,0,0,0,0,0,0
"375",77,5,0,5,0,0,0,0,0,0
"376",78,1,0,2,0,0,0,0,0,0
"377",78,2,0,0,0,0,0,0,0,0
"378",78,3,0,2,0,0,0,0,0,0
"379",78,4,0,3,0,0,0,0,0,0
"380",78,5,0,0,0,0,0,0,0,0
"381",79,1,0,2,0,0,0,0,0,0
"382",79,2,0,0,0,0,0,0,0,0
"383",79,3,0,0,0,0,0,0,0,0
"384",79,4,0,2,0,0,0,0,0,0
"385",79,5,0,3,0,0,0,0,0,0
"386",80,1,0,2,0,0,0,0,0,0
"387",80,2,0,0,0,0,0,0,0,0
"388",80,3,0,2,0,0,0,0,0,0
"389",80,4,0,3,0,0,0,0,0,0
"390",80,5,0,0,0,0,0,0,0,0
"391",81,1,0,0,0,0,0,0,0,0
"392",81,2,0,0,0,0,0,0,0,0
"393",81,3,0,0,0,0,0,0,0,0
"394",81,4,0,0,0,0,0,0,0,0
"395",81,5,0,0,0,0,0,0,0,0
"396",82,1,0,2,0,0,0,0,0,0
"397",82,2,0,0,0,0,0,0,0,0
"398",82,3,0,2,0,0,0,0,0,0
"399",82,4,0,3,0,0,0,0,0,0
"400",82,5,0,0,0,0,0,0,0,0
"401",83,1,0,2,0,0,0,0,0,0
"402",83,2,0,5,0,0,0,0,0,0
"403",83,3,0,3,0,0,0,0,0,0
"404",83,4,0,5,0,0,0,0,0,0
"405",83,5,0,5,0,0,0,0,0,0
"406",84,1,0,0,0,0,0,0,0,0
"407",84,2,0,0,0,0,0,0,0,0
"408",84,3,0,0,0,0,0,0,0,0
"409",84,4,0,0,0,0,0,0,0,0
"410",84,5,0,0,0,0,0,0,0,0
"411",85,1,0,0,0,0,0,0,0,0
"412",85,2,0,0,0,0,0,0,0,0
"413",85,3,0,0,0,0,0,0,0,0
"414",85,4,0,0,0,0,0,0,0,0
"415",85,5,0,0,0,0,0,0,0,0
"416",86,1,0,0,0,0,0,0,0,0
"417",86,2,0,0,0,0,0,0,0,0
"418",86,3,0,0,0,0,0,0,0,0
"419",86,4,0,0,0,0,0,0,0,0
"420",86,5,0,0,0,0,0,0,0,0
"421",87,1,0,0,0,0,0,0,0,0
"422",87,2,0,0,0,0,0,0,0,0
"423",87,3,0,0,0,0,0,0,0,0
"424",87,4,0,0,0,0,0,0,0,0
"425",87,5,0,0,0,0,0,0,0,0
"426",88,1,0,0,0,0,0,0,0,0
"427",88,2,0,0,0,0,0,0,0,0
"428",88,3,0,0,0,0,0,0,0,0
"429",88,4,0,0,0,0,0,0,0,0
"430",88,5,0,0,0,0,0,0,0,0
"431",89,1,0,0,0,0,0,0,0,0
"432",89,2,0,0,0,0,0,0,0,0
"433",89,3,0,0,0,0,0,0,0,0
"434",89,4,0,0,0,0,0,0,0,0
"435",89,5,0,0,0,0,0,0,0,0
"436",90,1,0,0,0,0,0,0,0,0
"437",90,2,0,0,0,0,0,0,0,0
"438",90,3,0,0,0,0,0,0,0,0
"439",90,4,0,0,0,0,0,0,0,0
"440",90,5,0,0,0,0,0,0,0,0
"441",91,1,0,0,0,0,0,0,0,0
"442",91,2,0,0,0,0,0,0,0,0
"443",91,3,0,0,0,0,0,0,0,0
"444",91,4,0,0,0,0,0,0,0,0
"445",91,5,0,0,0,0,0,0,0,0
"446",92,1,0,0,0,0,0,0,0,0
"447",92,2,0,0,0,0,0,0,0,0
"448",92,3,0,0,0,0,0,0,0,0
"449",92,4,0,0,0,0,0,0,0,0
"450",92,5,0,0,0,0,0,0,0,0
"451",93,1,0,0,0,0,0,0,0,0
"452",93,2,0,0,0,0,0,0,0,0
"453",93,3,0,0,0,0,0,0,0,0
"454",93,4,0,0,0,0,0,0,0,0
"455",93,5,0,0,0,0,0,0,0,0
"456",94,1,0,0,0,0,0,0,0,0
"457",94,2,0,0,0,0,0,0,0,0
"458",94,3,0,0,0,0,0,0,0,0
"459",94,4,0,0,0,0,0,0,0,0
"460",94,5,0,0,0,0,0,0,0,0
"461",95,1,0,0,0,0,0,0,0,0
"462",95,2,0,0,0,0,0,0,0,0
"463",95,3,0,0,0,0,0,0,0,0
"464",95,4,0,0,0,0,0,0,0,0
"465",95,5,0,0,0,0,0,0,0,0
"466",96,1,0,0,0,0,0,0,0,0
"467",96,2,0,0,0,0,0,0,0,0
"468",96,3,0,0,0,0,0,0,0,0
"469",96,4,0,0,0,0,0,0,0,0
"470",96,5,0,0,0,0,0,0,0,0
"471",97,1,0,0,0,0,0,0,0,0
"472",97,2,0,0,0,0,0,0,0,0
"473",97,3,0,0,0,0,0,0,0,0
"474",97,4,0,0,0,0,0,0,0,0
"475",97,5,0,0,0,0,0,0,0,0
"476",98,1,0,0,0,0,0,0,0,0
"477",98,2,0,0,0,0,0,0,0,0
"478",98,3,0,0,0,0,0,0,0,0
"479",98,4,0,0,0,0,0,0,0,0
"480",98,5,0,10,0,0,0,0,0,0
"481",99,1,0,0,0,0,0,0,0,0
"482",99,2,0,0,0,0,0,0,0,0
"483",99,3,0,0,0,0,0,0,0,0
"484",99,4,0,0,0,0,0,0,0,0
"485",99,5,0,0,0,0,0,0,0,0
"486",100,1,0,0,0,0,0,0,0,0
"487",100,2,0,0,0,0,0,0,0,0
"488",100,3,0,0,0,0,0,0,0,0
"489",100,4,0,0,0,0,0,0,0,0
"490",100,5,0,0,0,0,0,0,0,0
"491",101,1,0,0,0,0,0,0,0,0
"492",101,2,0,0,0,0,0,0,0,0
"493",101,3,0,0,0,0,0,0,0,0
"494",101,4,0,0,0,0,0,0,0,0
"495",101,5,0,0,0,0,0,0,0,0
"496",102,1,0,0,0,0,0,0,0,0
"497",102,2,0,0,0,0,0,0,0,0
"498",102,3,0,0,0,0,0,0,0,0
"499",102,4,0,0,0,0,0,0,0,0
"500",102,5,0,0,0,0,0,0,0,0
"501",103,1,0,2,0,0,0,0,0,0
"502",103,2,0,10,0,0,0,0,0,0
"503",103,3,0,3,0,0,0,0,0,0
"504",103,4,0,5,0,0,0,0,0,0
"505",103,5,0,2,0,0,0,0,0,0
"506",104,1,0,0,0,0,0,0,0,0
"507",104,2,0,0,0,0,0,0,0,0
"508",104,3,0,0,0,0,0,0,0,0
"509",104,4,0,0,0,0,0,0,0,0
"510",104,5,0,0,0,0,0,0,0,0
"511",105,1,0,0,0,0,0,0,0,0
"512",105,2,0,0,0,0,0,0,0,0
"513",105,3,0,0,0,0,0,0,0,0
"514",105,4,0,0,0,0,0,0,0,0
"515",105,5,0,0,0,0,0,0,0,0
"516",106,1,0,0,0,0,0,0,0,0
"517",106,2,0,0,0,0,0,0,0,0
"518",106,3,0,0,0,0,0,0,0,0
"519",106,4,0,0,0,0,0,0,0,0
"520",106,5,0,0,0,0,0,0,0,0
"521",107,1,0,18,0,0,0,0,0,0
"522",107,2,0,10,0,0,0,0,0,0
"523",107,3,0,20,0,0,0,0,0,0
"524",107,4,0,30,0,0,0,0,0,0
"525",107,5,0,20,0,0,0,0,0,0
"526",108,1,0,0,0,0,0,0,0,0
"527",108,2,0,0,0,0,0,0,0,0
"528",108,3,0,0,0,0,0,0,0,0
"529",108,4,0,0,0,0,0,0,0,0
"530",108,5,0,0,0,0,0,0,0,0
"531",109,1,0,0,0,0,0,0,0,0
"532",109,2,0,2,0,0,0,0,0,0
"533",109,3,0,2,0,0,0,0,0,0
"534",109,4,0,2,0,0,0,0,0,0
"535",109,5,0,3,0,0,0,0,0,0
"536",110,1,0,0,0,0,0,0,0,0
"537",110,2,0,0,0,0,0,0,0,0
"538",110,3,0,0,0,0,0,0,0,0
"539",110,4,0,0,0,0,0,0,0,0
"540",110,5,0,0,0,0,0,0,0,0
"541",111,1,0,0,0,0,0,0,0,0
"542",111,2,0,0,0,0,0,0,0,0
"543",111,3,0,0,0,0,0,0,0,0
"544",111,4,0,0,0,0,0,0,0,0
"545",111,5,0,0,0,0,0,0,0,0
"546",112,1,0,0,0,0,0,0,0,0
"547",112,2,0,0,0,0,0,0,0,0
"548",112,3,0,0,0,0,0,0,0,0
"549",112,4,0,0,0,0,0,0,0,0
"550",112,5,0,0,0,0,0,0,0,0
"551",113,1,0,0,0,0,0,0,0,0
"552",113,2,0,5,0,0,0,0,0,0
"553",113,3,0,4,0,0,0,0,0,0
"554",113,4,0,0,0,0,0,0,0,0
"555",113,5,0,4,0,0,0,0,0,0
"556",114,1,0,0,0,0,0,0,0,0
"557",114,2,0,0,0,0,0,0,0,0
"558",114,3,0,0,0,0,0,0,0,0
"559",114,4,0,0,0,0,0,0,0,0
"560",114,5,0,0,0,0,0,0,0,0
"561",115,1,0,0,0,0,0,0,0,0
"562",115,2,0,0,0,0,0,0,0,0
"563",115,3,0,0,0,0,0,0,0,0
"564",115,4,0,0,0,0,0,0,0,0
"565",115,5,0,0,0,0,0,0,0,0
"566",116,1,0,0,0,0,0,0,0,0
"567",116,2,0,0,0,0,0,0,0,0
"568",116,3,0,0,0,0,0,0,0,0
"569",116,4,0,0,0,0,0,0,0,0
"570",116,5,0,0,0,0,0,0,0,0
"571",117,1,0,0,0,0,0,0,0,0
"572",117,2,0,3,0,0,0,0,0,0
"573",117,3,0,2,0,0,0,0,0,0
"574",117,4,0,4,0,0,0,0,0,0
"575",117,5,0,0,0,0,0,0,0,0
"576",118,1,0,0,0,0,0,0,0,0
"577",118,2,0,0,0,0,0,0,0,0
"578",118,3,0,0,0,0,0,0,0,0
"579",118,4,0,0,0,0,0,0,0,0
"580",118,5,0,0,0,0,0,0,0,0
"581",119,1,0,2,0,0,0,0,0,0
"582",119,2,0,3,0,0,0,0,0,0
"583",119,3,0,1,0,0,0,0,0,0
"584",119,4,0,1,0,0,0,0,0,0
"585",119,5,0,1,0,0,0,0,0,0
"586",120,1,0,0,0,0,0,0,0,0
"587",120,2,0,0,0,0,0,0,0,0
"588",120,3,0,0,0,0,0,0,0,0
"589",120,4,0,0,0,0,0,0,0,0
"590",120,5,0,0,0,0,0,0,0,0
"591",121,1,0,2,0,0,0,0,0,0
"592",121,2,0,0,0,0,0,0,0,0
"593",121,3,0,3,0,0,0,0,0,0
"594",121,4,0,0,0,0,0,0,0,0
"595",121,5,0,2,0,0,0,0,0,0
"596",122,1,0,0,0,0,0,0,0,0
"597",122,2,0,0,0,0,0,0,0,0
"598",122,3,0,0,0,0,0,0,0,0
"599",122,4,0,0,0,0,0,0,0,0
"600",122,5,0,0,0,0,0,0,0,0
"601",123,1,0,0,0,0,0,0,0,0
"602",123,2,0,0,0,0,0,0,0,0
"603",123,3,0,0,0,0,0,0,0,0
"604",123,4,0,0,0,0,0,0,0,0
"605",123,5,0,0,0,0,0,0,0,0
"606",124,1,10,0,0,0,0,0,0,0
"607",124,2,5,0,0,0,0,0,0,0
"608",124,3,5,0,0,0,0,0,0,0
"609",124,4,0,0,0,0,0,0,0,0
"610",124,5,10,0,0,0,0,0,0,0
"611",125,1,0,0,0,0,0,0,0,0
"612",125,2,0,0,0,0,0,0,0,0
"613",125,3,0,0,0,0,0,0,0,0
"614",125,4,0,0,0,0,0,0,0,0
"615",125,5,0,0,0,0,0,0,0,0
"616",126,1,0,0,0,0,0,0,0,0
"617",126,2,0,0,0,0,0,0,0,0
"618",126,3,0,0,0,0,0,0,0,0
"619",126,4,0,0,0,0,0,0,0,0
"620",126,5,0,0,0,0,0,0,0,0
"621",127,1,0,0,0,0,0,0,0,0
"622",127,2,0,0,0,0,0,0,0,0
"623",127,3,0,0,0,0,0,0,0,0
"624",127,4,0,0,0,0,0,0,0,0
"625",127,5,0,0,0,0,0,0,0,0
"626",128,1,0,20,0,0,0,0,0,0
"627",128,2,0,20,0,0,0,0,0,0
"628",128,3,0,15,0,0,0,0,0,0
"629",128,4,0,8,0,0,0,0,0,0
"630",128,5,0,10,0,0,0,0,0,0
"631",129,1,0,0,0,0,0,0,0,0
"632",129,2,0,0,0,0,0,0,0,0
"633",129,3,0,0,0,0,0,0,0,0
"634",129,4,0,0,0,0,0,0,0,0
"635",129,5,0,0,0,0,0,0,0,0
"636",130,1,0,0,0,0,0,0,0,0
"637",130,2,0,0,0,0,0,0,0,0
"638",130,3,0,0,0,0,0,0,0,0
"639",130,4,0,0,0,0,0,0,0,0
"640",130,5,0,0,0,0,0,0,0,0
"641",131,1,0,0,0,0,0,0,0,0
"642",131,2,0,0,0,0,0,0,0,0
"643",131,3,0,0,0,0,0,0,0,0
"644",131,4,0,0,0,0,0,0,0,0
"645",131,5,0,0,0,0,0,0,0,0
"646",132,1,0,0,0,0,0,0,0,0
"647",132,2,0,0,0,0,0,0,0,0
"648",132,3,0,0,0,0,0,0,0,0
"649",132,4,0,0,0,0,0,0,0,0
"650",132,5,0,0,0,0,0,0,0,0
"651",133,1,0,0,0,0,0,0,0,0
"652",133,2,0,0,0,0,0,0,0,0
"653",133,3,0,0,0,0,0,0,0,0
"654",133,4,0,0,0,0,0,0,0,0
"655",133,5,0,0,0,0,0,0,0,0
"656",134,1,0,0,0,0,0,0,0,0
"657",134,2,0,0,0,0,0,0,0,0
"658",134,3,0,0,0,0,0,0,0,0
"659",134,4,0,0,0,0,0,0,0,0
"660",134,5,0,0,0,0,0,0,0,0
"661",135,1,0,0,0,0,0,0,0,0
"662",135,2,0,0,0,0,0,0,0,0
"663",135,3,0,0,0,0,0,0,0,0
"664",135,4,0,0,0,0,0,0,0,0
"665",135,5,0,0,0,0,0,0,0,0
"666",136,1,0,0,0,0,0,0,0,0
"667",136,2,0,0,0,0,0,0,0,0
"668",136,3,0,0,0,0,0,0,0,0
"669",136,4,0,0,0,0,0,0,0,0
"670",136,5,0,0,0,0,0,0,0,0
"671",137,1,0,0,0,0,0,0,0,0
"672",137,2,0,2,0,0,0,0,0,0
"673",137,3,0,0,0,0,0,0,0,0
"674",137,4,0,1,0,0,0,0,0,0
"675",137,5,0,0,0,0,0,0,0,0
"676",138,1,0,0,0,0,0,0,0,0
"677",138,2,0,0,0,0,0,0,0,0
"678",138,3,0,0,0,0,0,0,0,0
"679",138,4,0,0,0,0,0,0,0,0
"680",138,5,0,0,0,0,0,0,0,0
"681",139,1,0,0,0,0,0,0,0,0
"682",139,2,0,0,0,0,0,0,0,0
"683",139,3,0,0,0,0,0,0,0,0
"684",139,4,0,0,0,0,0,0,0,0
"685",139,5,0,0,0,0,0,0,0,0
"686",140,1,0,0,0,0,0,0,0,0
"687",140,2,0,0,0,0,0,0,0,0
"688",140,3,0,0,0,0,0,0,0,0
"689",140,4,0,0,0,0,0,0,0,0
"690",140,5,0,0,0,0,0,0,0,0
"691",141,1,0,1,0,0,0,0,0,0
"692",141,2,0,0,0,0,0,0,0,0
"693",141,3,0,2,0,0,0,0,0,0
"694",141,4,0,2,0,0,0,0,0,0
"695",141,5,0,0,0,0,0,0,0,0
"696",142,1,0,0,0,0,0,0,0,0
"697",142,2,0,0,0,0,0,0,0,0
"698",142,3,0,0,0,0,0,0,0,0
"699",142,4,0,0,0,0,0,0,0,0
"700",142,5,0,0,0,0,0,0,0,0
"701",143,1,0,0,0,0,0,0,0,0
"702",143,2,0,0,0,0,0,0,0,0
"703",143,3,0,0,0,0,0,0,0,0
"704",143,4,0,0,0,0,0,0,0,0
"705",143,5,0,0,0,0,0,0,0,0
"706",144,1,0,0,0,0,0,0,0,0
"707",144,2,0,0,0,0,0,0,0,0
"708",144,3,0,0,0,0,0,0,0,0
"709",144,4,0,0,0,0,0,0,0,0
"710",144,5,0,0,0,0,0,0,0,0
"711",145,1,0,0,0,0,0,0,0,0
"712",145,2,0,1,0,0,0,0,0,0
"713",145,3,0,0,0,0,0,0,0,0
"714",145,4,0,2,0,0,0,0,0,0
"715",145,5,0,0,0,0,0,0,0,0
"716",146,1,0,0,0,0,0,0,0,0
"717",146,2,0,0,0,0,0,0,0,0
"718",146,3,0,0,0,0,0,0,0,0
"719",146,4,0,0,0,0,0,0,0,0
"720",146,5,0,0,0,0,0,0,0,0
"721",147,1,0,0,0,0,0,0,0,0
"722",147,2,0,0,0,0,0,0,0,0
"723",147,3,0,0,0,0,0,0,0,0
"724",147,4,0,0,0,0,0,0,0,0
"725",147,5,0,0,0,0,0,0,0,0
"726",148,1,0,0,0,0,0,0,0,0
"727",148,2,0,0,0,0,0,0,0,0
"728",148,3,0,0,0,0,0,0,0,0
"729",148,4,0,0,0,0,0,0,0,0
"730",148,5,0,0,0,0,0,0,0,0
"731",149,1,0,0,0,0,0,0,0,0
"732",149,2,0,0,0,0,0,0,0,0
"733",149,3,0,0,0,0,0,0,0,0
"734",149,4,0,0,0,0,0,0,0,0
"735",149,5,0,0,0,0,0,0,0,0
"736",150,1,0,0,0,0,0,0,0,0
"737",150,2,0,0,0,0,0,0,0,0
"738",150,3,0,0,0,0,0,0,0,0
"739",150,4,0,0,0,0,0,0,0,0
"740",150,5,0,0,0,0,0,0,0,0
"741",151,1,0,3,0,0,0,0,0,0
"742",151,2,0,2,0,0,0,0,0,0
"743",151,3,0,3,0,0,0,0,0,0
"744",151,4,0,4,0,0,0,0,0,0
"745",151,5,0,5,0,0,0,0,0,0
"746",152,1,0,0,0,0,0,0,0,0
"747",152,2,0,0,0,0,0,0,0,0
"748",152,3,0,0,0,0,0,0,0,0
"749",152,4,0,0,0,0,0,0,0,0
"750",152,5,0,0,0,0,0,0,0,0
"751",153,1,0,0,0,0,0,0,0,0
"752",153,2,0,0,0,0,0,0,0,0
"753",153,3,0,0,0,0,0,0,0,0
"754",153,4,0,0,0,0,0,0,0,0
"755",153,5,0,0,0,0,0,0,0,0
"756",154,1,0,0,0,0,0,0,0,0
"757",154,2,0,0,0,0,0,0,0,0
"758",154,3,0,0,0,0,0,0,0,0
"759",154,4,0,0,0,0,0,0,0,0
"760",154,5,0,0,0,0,0,0,0,0
"761",155,1,0,0,0,0,0,0,0,0
"762",155,2,0,0,0,0,0,0,0,0
"763",155,3,0,0,0,0,0,0,0,0
"764",155,4,0,0,0,0,0,0,0,0
"765",155,5,0,0,0,0,0,0,0,0
"766",156,1,0,0,0,0,0,0,0,0
"767",156,2,0,0,0,0,0,0,0,0
"768",156,3,0,0,0,0,0,0,0,0
"769",156,4,0,0,0,0,0,0,0,0
"770",156,5,0,0,0,0,0,0,0,0
"771",157,1,0,0,0,0,0,0,0,0
"772",157,2,0,1,0,0,0,0,0,0
"773",157,3,0,0,0,0,0,0,0,0
"774",157,4,0,2,0,0,0,0,0,0
"775",157,5,0,1,0,0,0,0,0,0
"776",158,1,0,0,0,0,0,0,0,0
"777",158,2,0,0,0,0,0,0,0,0
"778",158,3,0,0,0,0,0,0,0,0
"779",158,4,0,0,0,0,0,0,0,0
"780",158,5,0,0,0,0,0,0,0,0
"781",159,1,0,0,0,0,0,0,0,0
"782",159,2,0,0,0,0,0,0,0,0
"783",159,3,0,0,0,0,0,0,0,0
"784",159,4,0,0,0,0,0,0,0,0
"785",159,5,0,0,0,0,0,0,0,0
"786",160,1,0,0,0,0,0,0,0,0
"787",160,2,0,0,0,0,0,0,0,0
"788",160,3,0,0,0,0,0,0,0,0
"789",160,4,0,0,0,0,0,0,0,0
"790",160,5,0,0,0,0,0,0,0,0
"791",161,1,0,0,0,0,0,0,0,0
"792",161,2,0,0,0,0,0,0,0,0
"793",161,3,0,0,0,0,0,0,0,0
"794",161,4,0,0,0,0,0,0,0,0
"795",161,5,0,0,0,0,0,0,0,0
"796",162,1,0,5,0,0,0,0,0,0
"797",162,2,0,2,0,0,0,0,0,0
"798",162,3,0,0,0,0,0,0,0,0
"799",162,4,0,0,0,0,0,0,0,0
"800",162,5,0,0,0,0,0,0,0,0
"801",163,1,0,0,0,0,0,0,0,0
"802",163,2,0,0,0,0,0,0,0,0
"803",163,3,0,0,0,0,0,0,0,0
"804",163,4,0,0,0,0,0,0,0,0
"805",163,5,0,0,0,0,0,0,0,0
"806",164,1,0,0,0,0,0,0,0,0
"807",164,2,0,0,0,0,0,0,0,0
"808",164,3,0,0,0,0,0,0,0,0
"809",164,4,0,0,0,0,0,0,0,0
"810",164,5,0,0,0,0,0,0,0,0
"811",165,1,0,0,0,0,0,0,0,0
"812",165,2,0,1,0,0,0,0,0,0
"813",165,3,0,0,0,0,0,0,0,0
"814",165,4,0,2,0,0,0,0,0,0
"815",165,5,0,0,0,0,0,0,0,0
"816",166,1,0,0,0,0,0,0,0,0
"817",166,2,0,0,0,0,0,0,0,0
"818",166,3,0,0,0,0,0,0,0,0
"819",166,4,0,0,0,0,0,0,0,0
"820",166,5,0,0,0,0,0,0,0,0
"821",167,1,0,0,0,0,0,0,0,0
"822",167,2,0,1,0,0,0,0,0,0
"823",167,3,0,0,0,0,0,0,0,0
"824",167,4,0,1,0,0,0,0,0,0
"825",167,5,0,0,0,0,0,0,0,0
"826",168,1,0,0,0,0,0,0,0,0
"827",168,2,0,0,0,0,0,0,0,0
"828",168,3,0,0,0,0,0,0,0,0
"829",168,4,0,0,0,0,0,0,0,0
"830",168,5,0,0,0,0,0,0,0,0
"831",169,1,0,5,0,0,0,0,0,0
"832",169,2,0,1,0,0,0,0,0,0
"833",169,3,0,0,0,0,0,0,0,0
"834",169,4,0,2,0,0,0,0,0,0
"835",169,5,0,1,0,0,0,0,0,0
"836",170,1,0,0,0,0,0,0,0,0
"837",170,2,0,0,0,0,0,0,0,0
"838",170,3,0,0,0,0,0,0,0,0
"839",170,4,0,0,0,0,0,0,0,0
"840",170,5,0,0,0,0,0,0,0,0
"841",171,1,0,0,0,0,0,0,0,0
"842",171,2,0,0,0,0,0,0,0,0
"843",171,3,0,0,0,0,0,0,0,0
"844",171,4,0,0,0,0,0,0,0,0
"845",171,5,0,0,0,0,0,0,0,0
"846",172,1,0,0,0,0,0,0,0,0
"847",172,2,0,0,0,0,0,0,0,0
"848",172,3,0,0,0,0,0,0,0,0
"849",172,4,0,0,0,0,0,0,0,0
"850",172,5,0,0,0,0,0,0,0,0
"851",173,1,0,0,0,0,0,0,0,0
"852",173,2,0,0,0,0,0,0,0,0
"853",173,3,0,0,0,0,0,0,0,0
"854",173,4,0,0,0,0,0,0,0,0
"855",173,5,0,0,0,0,0,0,0,0
"856",174,1,0,0,0,0,0,0,0,0
"857",174,2,0,0,0,0,0,0,0,0
"858",174,3,0,0,0,0,0,0,0,0
"859",174,4,0,0,0,0,0,0,0,0
"860",174,5,0,0,0,0,0,0,0,0
"861",175,1,0,2,0,0,0,0,0,0
"862",175,2,0,1,0,0,0,0,0,0
"863",175,3,0,2,0,0,0,0,0,0
"864",175,4,0,0,0,0,0,0,0,0
"865",175,5,0,0,0,0,0,0,0,0
"866",176,1,0,0,0,0,0,0,0,0
"867",176,2,0,0,0,0,0,0,0,0
"868",176,3,0,0,0,0,0,0,0,0
"869",176,4,0,0,0,0,0,0,0,0
"870",176,5,0,0,0,0,0,0,0,0
"871",177,1,0,0,0,0,0,0,0,0
"872",177,2,0,0,0,0,0,0,0,0
"873",177,3,0,0,0,0,0,0,0,0
"874",177,4,0,0,0,0,0,0,0,0
"875",177,5,0,0,0,0,0,0,0,0
"876",178,1,0,3,0,0,0,0,0,0
"877",178,2,0,2,0,0,0,0,0,0
"878",178,3,0,1,0,0,0,0,0,0
"879",178,4,0,2,0,0,0,0,0,0
"880",178,5,0,1,0,0,0,0,0,0
"881",179,1,0,0,0,0,0,0,0,0
"882",179,2,0,0,0,0,0,0,0,0
"883",179,3,0,0,0,0,0,0,0,0
"884",179,4,0,0,0,0,0,0,0,0
"885",179,5,0,0,0,0,0,0,0,0
"886",180,1,0,0,0,0,0,0,0,0
"887",180,2,0,0,0,0,0,0,0,0
"888",180,3,0,0,0,0,0,0,0,0
"889",180,4,0,0,0,0,0,0,0,0
"890",180,5,0,0,0,0,0,0,0,0
"891",181,1,0,0,0,0,0,0,0,0
"892",181,2,0,0,0,0,0,0,0,0
"893",181,3,0,0,0,0,0,0,0,0
"894",181,4,0,0,0,0,0,0,0,0
"895",181,5,0,0,0,0,0,0,0,0
"896",182,1,0,0,0,0,0,0,0,0
"897",182,2,0,0,0,0,0,0,0,0
"898",182,3,0,0,0,0,0,0,0,0
"899",182,4,0,0,0,0,0,0,0,0
"900",182,5,0,0,0,0,0,0,0,0
"901",183,1,0,4,0,0,0,0,0,0
"902",183,2,0,5,0,0,0,0,0,0
"903",183,3,0,1,0,0,0,0,0,0
"904",183,4,0,0,0,0,0,0,0,0
"905",183,5,0,0,0,0,0,0,0,0
"906",184,1,0,0,0,0,0,0,0,0
"907",184,2,0,0,0,0,0,0,0,0
"908",184,3,0,0,0,0,0,0,0,0
"909",184,4,0,0,0,0,0,0,0,0
"910",184,5,0,0,0,0,0,0,0,0
"911",185,1,0,0,0,0,0,0,0,0
"912",185,2,0,0,0,0,0,0,0,0
"913",185,3,0,0,0,0,0,0,0,0
"914",185,4,0,0,0,0,0,0,0,0
"915",185,5,0,0,0,0,0,0,0,0
"916",186,1,0,0,0,0,0,0,0,0
"917",186,2,0,0,0,0,0,0,0,0
"918",186,3,0,0,0,0,0,0,0,0
"919",186,4,0,0,0,0,0,0,0,0
"920",186,5,0,0,0,0,0,0,0,0
"921",187,1,0,0,0,0,0,0,0,0
"922",187,2,0,0,0,0,0,0,0,0
"923",187,3,0,0,0,0,0,0,0,0
"924",187,4,0,0,0,0,0,0,0,0
"925",187,5,0,0,0,0,0,0,0,0
"926",188,1,3,0,0,0,0,0,0,0
"927",188,2,3,0,0,0,0,0,0,0
"928",188,3,2,0,0,0,0,0,0,0
"929",188,4,1,0,0,0,0,0,0,0
"930",188,5,1,0,0,0,0,0,0,0
"931",189,1,0,0,0,0,0,0,0,0
"932",189,2,0,0,0,0,0,0,0,0
"933",189,3,0,0,0,0,0,0,0,0
"934",189,4,0,0,0,0,0,0,0,0
"935",189,5,0,0,0,0,0,0,0,0
"936",190,1,2,0,2,0,0,0,0,0
"937",190,2,3,0,3,0,0,0,0,0
"938",190,3,8,0,8,0,0,0,0,0
"939",190,4,3,0,3,0,0,0,0,0
"940",190,5,8,0,8,0,0,0,0,0
"941",191,1,0,0,0,0,0,0,0,0
"942",191,2,0,0,0,0,0,0,0,0
"943",191,3,0,0,0,0,0,0,0,0
"944",191,4,0,0,0,0,0,0,0,0
"945",191,5,0,0,0,0,0,0,0,0
"946",192,1,0,0,0,0,0,0,0,0
"947",192,2,0,0,0,0,0,0,0,0
"948",192,3,0,0,0,0,0,0,0,0
"949",192,4,0,0,0,0,0,0,0,0
"950",192,5,0,0,0,0,0,0,0,0
"951",193,1,0,0,0,0,0,0,0,0
"952",193,2,0,0,0,0,0,0,0,0
"953",193,3,0,0,0,0,0,0,0,0
"954",193,4,0,0,0,0,0,0,0,0
"955",193,5,0,0,0,0,0,0,0,0
"956",194,1,0,2,0,0,0,0,0,0
"957",194,2,0,2,0,0,0,0,0,0
"958",194,3,0,5,0,0,0,0,0,0
"959",194,4,0,1,0,0,0,0,0,0
"960",194,5,0,5,0,0,0,0,0,0
"961",195,1,0,0,0,0,0,0,0,0
"962",195,2,0,0,0,0,0,0,0,0
"963",195,3,0,0,0,0,0,0,0,0
"964",195,4,0,0,0,0,0,0,0,0
"965",195,5,0,0,0,0,0,0,0,0
"966",196,1,0,0,0,0,0,0,0,0
"967",196,2,0,0,0,0,0,0,0,0
"968",196,3,0,0,0,0,0,0,0,0
"969",196,4,0,0,0,0,0,0,0,0
"970",196,5,0,0,0,0,0,0,0,0
"971",197,1,0,0,0,0,0,0,0,0
"972",197,2,0,0,0,0,0,0,0,0
"973",197,3,0,0,0,0,0,0,0,0
"974",197,4,0,0,0,0,0,0,0,0
"975",197,5,0,0,0,0,0,0,0,0
"976",198,1,0,5,0,0,0,0,0,0
"977",198,2,0,0,0,0,0,0,0,0
"978",198,3,0,3,0,0,0,0,0,0
"979",198,4,0,0,0,0,0,0,0,0
"980",198,5,0,6,0,0,0,0,0,0
"981",199,1,0,0,0,0,0,0,0,0
"982",199,2,0,0,0,0,0,0,0,0
"983",199,3,0,0,0,0,0,0,0,0
"984",199,4,0,0,0,0,0,0,0,0
"985",199,5,0,0,0,0,0,0,0,0
"986",200,1,0,0,0,0,0,0,0,0
"987",200,2,0,0,0,0,0,0,0,0
"988",200,3,0,0,0,0,0,0,0,0
"989",200,4,0,0,0,0,0,0,0,0
"990",200,5,0,0,0,0,0,0,0,0
"991",201,1,0,0,0,0,0,0,0,0
"992",201,2,0,0,0,0,0,0,0,0
"993",201,3,0,0,0,0,0,0,0,0
"994",201,4,0,0,0,0,0,0,0,0
"995",201,5,0,0,0,0,0,0,0,0
"996",202,1,0,0,0,0,0,0,0,0
"997",202,2,0,0,0,0,0,0,0,0
"998",202,3,0,0,0,0,0,0,0,0
"999",202,4,0,0,0,0,0,0,0,0
"1000",202,5,0,0,0,0,0,0,0,0
"1001",203,1,0,0,0,0,0,0,0,0
"1002",203,2,0,0,0,0,0,0,0,0
"1003",203,3,0,0,0,0,0,0,0,0
"1004",203,4,0,0,0,0,0,0,0,0
"1005",203,5,0,0,0,0,0,0,0,0
"1006",204,1,0,0,0,0,0,0,0,0
"1007",204,2,0,0,0,0,0,0,0,0
"1008",204,3,0,0,0,0,0,0,0,0
"1009",204,4,0,0,0,0,0,0,0,0
"1010",204,5,0,0,0,0,0,0,0,0
"1011",205,1,0,0,0,0,0,0,0,0
"1012",205,2,0,0,0,0,0,0,0,0
"1013",205,3,0,0,0,0,0,0,0,0
"1014",205,4,0,0,0,0,0,0,0,0
"1015",205,5,0,0,0,0,0,0,0,0
"1016",206,1,0,0,0,0,0,0,0,0
"1017",206,2,0,0,0,0,0,0,0,0
"1018",206,3,0,0,0,0,0,0,0,0
"1019",206,4,0,0,0,0,0,0,0,0
"1020",206,5,0,0,0,0,0,0,0,0
"1021",207,1,0,0,0,0,0,0,0,0
"1022",207,2,0,0,0,0,0,0,0,0
"1023",207,3,0,0,0,0,0,0,0,0
"1024",207,4,0,0,0,0,0,0,0,0
"1025",207,5,0,0,0,0,0,0,0,0
"1026",208,1,0,0,0,0,0,0,0,0
"1027",208,2,0,0,0,0,0,0,0,0
"1028",208,3,0,0,0,0,0,0,0,0
"1029",208,4,0,0,0,0,0,0,0,0
"1030",208,5,0,0,0,0,0,0,0,0
"1031",209,1,0,0,0,0,0,0,0,0
"1032",209,2,0,0,0,0,0,0,0,0
"1033",209,3,0,0,0,0,0,0,0,0
"1034",209,4,0,0,0,0,0,0,0,0
"1035",209,5,0,0,0,0,0,0,0,0
"1036",210,1,0,3,0,0,0,0,0,0
"1037",210,2,0,0,0,0,0,0,0,0
"1038",210,3,0,4,0,0,0,0,0,0
"1039",210,4,0,0,0,0,0,0,0,0
"1040",210,5,0,6,0,0,0,0,0,0
"1041",211,1,0,0,0,0,0,0,0,0
"1042",211,2,0,0,0,0,0,0,0,0
"1043",211,3,0,0,0,0,0,0,0,0
"1044",211,4,0,0,0,0,0,0,0,0
"1045",211,5,0,0,0,0,0,0,0,0
"1046",212,1,0,0,0,0,0,0,0,0
"1047",212,2,0,0,0,0,0,0,0,0
"1048",212,3,0,0,0,0,0,0,0,0
"1049",212,4,0,0,0,0,0,0,0,0
"1050",212,5,0,0,0,0,0,0,0,0
"1051",213,1,0,0,0,0,0,0,0,0
"1052",213,2,0,0,0,0,0,0,0,0
"1053",213,3,0,0,0,0,0,0,0,0
"1054",213,4,0,0,0,0,0,0,0,0
"1055",213,5,0,0,0,0,0,0,0,0
"1056",214,1,0,0,0,0,0,0,0,0
"1057",214,2,0,0,0,0,0,0,0,0
"1058",214,3,0,0,0,0,0,0,0,0
"1059",214,4,0,10,0,0,0,0,0,0
"1060",214,5,0,0,0,0,0,0,0,0
"1061",215,1,0,0,0,0,0,0,0,0
"1062",215,2,0,0,0,0,0,0,0,0
"1063",215,3,0,0,0,0,0,0,0,0
"1064",215,4,0,0,0,0,0,0,0,0
"1065",215,5,0,0,0,0,0,0,0,0
"1066",216,1,0,0,0,0,0,0,0,0
"1067",216,2,0,0,0,0,0,0,0,0
"1068",216,3,0,0,0,0,0,0,0,0
"1069",216,4,0,0,0,0,0,0,0,0
"1070",216,5,0,0,0,0,0,0,0,0
"1071",217,1,0,0,0,0,0,0,0,0
"1072",217,2,0,0,0,0,0,0,0,0
"1073",217,3,0,0,0,0,0,0,0,0
"1074",217,4,0,0,0,0,0,0,0,0
"1075",217,5,0,0,0,0,0,0,0,0
"1076",218,1,0,0,0,0,0,0,0,0
"1077",218,2,0,0,0,0,0,0,0,0
"1078",218,3,0,0,0,0,0,0,0,0
"1079",218,4,0,0,0,0,0,0,0,0
"1080",218,5,0,0,0,0,0,0,0,0
"1081",219,1,0,0,0,0,0,0,0,0
"1082",219,2,0,0,0,0,0,0,0,0
"1083",219,3,0,0,0,0,0,0,0,0
"1084",219,4,0,0,0,0,0,0,0,0
"1085",219,5,0,0,0,0,0,0,0,0
"1086",220,1,0,0,0,0,0,0,0,0
"1087",220,2,0,0,0,0,0,0,0,0
"1088",220,3,0,0,0,0,0,0,0,0
"1089",220,4,0,0,0,0,0,0,0,0
"1090",220,5,0,0,0,0,0,0,0,0
"1091",221,1,0,0,0,0,0,0,0,0
"1092",221,2,0,0,0,0,0,0,0,0
"1093",221,3,0,0,0,0,0,0,0,0
"1094",221,4,0,0,0,0,0,0,0,0
"1095",221,5,0,0,0,0,0,0,0,0
"1096",222,1,0,0,0,0,0,0,0,0
"1097",222,2,0,0,0,0,0,0,0,0
"1098",222,3,0,0,0,0,0,0,0,0
"1099",222,4,0,0,0,0,0,0,0,0
"1100",222,5,0,0,0,0,0,0,0,0
"1101",223,1,0,0,0,0,0,0,0,0
"1102",223,2,0,0,0,0,0,0,0,0
"1103",223,3,0,0,0,0,0,0,0,0
"1104",223,4,0,0,0,0,0,0,0,0
"1105",223,5,0,0,0,0,0,0,0,0
"1106",224,1,0,0,0,0,0,0,0,0
"1107",224,2,0,0,0,0,0,0,0,0
"1108",224,3,0,0,0,0,0,0,0,0
"1109",224,4,0,0,0,0,0,0,0,0
"1110",224,5,0,0,0,0,0,0,0,0
"1111",225,1,0,0,0,0,0,0,0,0
"1112",225,2,0,0,0,0,0,0,0,0
"1113",225,3,0,0,0,0,0,0,0,0
"1114",225,4,0,0,0,0,0,0,0,0
"1115",225,5,0,0,0,0,0,0,0,0
"1116",226,1,0,0,0,0,0,0,0,0
"1117",226,2,0,0,0,0,0,0,0,0
"1118",226,3,0,0,0,0,0,0,0,0
"1119",226,4,0,0,0,0,0,0,0,0
"1120",226,5,0,0,0,0,0,0,0,0
"1121",227,1,0,0,0,0,0,0,0,0
"1122",227,2,0,0,0,0,0,0,0,0
"1123",227,3,0,0,0,0,0,0,0,0
"1124",227,4,0,0,0,0,0,0,0,0
"1125",227,5,0,0,0,0,0,0,0,0
"1126",228,1,0,0,0,0,0,0,0,0
"1127",228,2,0,0,0,0,0,0,0,0
"1128",228,3,0,0,0,0,0,0,0,0
"1129",228,4,0,0,0,0,0,0,0,0
"1130",228,5,0,0,0,0,0,0,0,0
"1131",229,1,0,0,0,0,0,0,0,0
"1132",229,2,0,0,0,0,0,0,0,0
"1133",229,3,0,0,0,0,0,0,0,0
"1134",229,4,0,0,0,0,0,0,0,0
"1135",229,5,0,0,0,0,0,0,0,0
"1136",230,1,0,0,0,0,0,0,0,0
"1137",230,2,0,0,0,0,0,0,0,0
"1138",230,3,0,0,0,0,0,0,0,0
"1139",230,4,0,0,0,0,0,0,0,0
"1140",230,5,0,0,0,0,0,0,0,0
"1141",231,1,0,0,0,0,0,0,0,0
"1142",231,2,0,0,0,0,0,0,0,0
"1143",231,3,0,0,0,0,0,0,0,0
"1144",231,4,0,0,0,0,0,0,0,0
"1145",231,5,0,0,0,0,0,0,0,0
"1146",232,1,0,0,0,0,0,0,0,0
"1147",232,2,0,0,0,0,0,0,0,0
"1148",232,3,0,0,0,0,0,0,0,0
"1149",232,4,0,0,0,0,0,0,0,0
"1150",232,5,0,0,0,0,0,0,0,0
"1151",233,1,0,0,0,0,0,0,0,0
"1152",233,2,0,0,0,0,0,0,0,0
"1153",233,3,0,0,0,0,0,0,0,0
"1154",233,4,0,0,0,0,0,0,0,0
"1155",233,5,0,0,0,0,0,0,0,0
"1156",234,1,0,0,0,0,0,0,0,0
"1157",234,2,0,0,0,0,0,0,0,0
"1158",234,3,0,0,0,0,0,0,0,0
"1159",234,4,0,0,0,0,0,0,0,0
"1160",234,5,0,0,0,0,0,0,0,0
"1161",235,1,0,0,0,0,0,0,0,0
"1162",235,2,0,0,0,0,0,0,0,0
"1163",235,3,0,0,0,0,0,0,0,0
"1164",235,4,0,0,0,0,0,0,0,0
"1165",235,5,0,0,0,0,0,0,0,0
"1166",236,1,0,0,0,0,0,0,0,0
"1167",236,2,0,0,0,0,0,0,0,0
"1168",236,3,0,0,0,0,0,0,0,0
"1169",236,4,0,0,0,0,0,0,0,0
"1170",236,5,0,0,0,0,0,0,0,0
"1171",237,1,0,0,0,0,0,0,0,0
"1172",237,2,0,0,0,0,0,0,0,0
"1173",237,3,0,0,0,0,0,0,0,0
"1174",237,4,0,0,0,0,0,0,0,0
"1175",237,5,0,0,0,0,0,0,0,0
"1176",238,1,0,0,0,0,0,0,0,0
"1177",238,2,0,0,0,0,0,0,0,0
"1178",238,3,0,0,0,0,0,0,0,0
"1179",238,4,0,0,0,0,0,0,0,0
"1180",238,5,0,0,0,0,0,0,0,0
"1181",239,1,0,0,0,0,0,0,0,0
"1182",239,2,0,0,0,0,0,0,0,0
"1183",239,3,0,0,0,0,0,0,0,0
"1184",239,4,0,0,0,0,0,0,0,0
"1185",239,5,0,0,0,0,0,0,0,0
"1186",240,1,0,0,0,0,0,0,0,0
"1187",240,2,0,0,0,0,0,0,0,0
"1188",240,3,0,0,0,0,0,0,0,0
"1189",240,4,0,0,0,0,0,0,0,0
"1190",240,5,0,0,0,0,0,0,0,0
"1191",241,1,0,0,0,0,0,0,0,0
"1192",241,2,0,0,0,0,0,0,0,0
"1193",241,3,0,0,0,0,0,0,0,0
"1194",241,4,0,0,0,0,0,0,0,0
"1195",241,5,0,0,0,0,0,0,0,0
"1196",242,1,0,0,0,0,0,0,0,0
"1197",242,2,0,0,0,0,0,0,0,0
"1198",242,3,0,0,0,0,0,0,0,0
"1199",242,4,0,0,0,0,0,0,0,0
"1200",242,5,0,0,0,0,0,0,0,0
"1201",243,1,0,0,0,0,0,0,0,0
"1202",243,2,0,0,0,0,0,0,0,0
"1203",243,3,0,0,0,0,0,0,0,0
"1204",243,4,0,0,0,0,0,0,0,0
"1205",243,5,0,0,0,0,0,0,0,0
"1206",244,1,0,0,0,0,0,0,0,0
"1207",244,2,0,0,0,0,0,0,0,0
"1208",244,3,0,0,0,0,0,0,0,0
"1209",244,4,0,0,0,0,0,0,0,0
"1210",244,5,0,0,0,0,0,0,0,0
"1211",245,1,0,0,0,0,0,0,0,0
"1212",245,2,0,0,0,0,0,0,0,0
"1213",245,3,0,0,0,0,0,0,0,0
"1214",245,4,0,0,0,0,0,0,0,0
"1215",245,5,0,0,0,0,0,0,0,0
"1216",246,1,0,0,0,0,0,0,0,0
"1217",246,2,0,0,0,0,0,0,0,0
"1218",246,3,0,0,0,0,0,0,0,0
"1219",246,4,0,0,0,0,0,0,0,0
"1220",246,5,0,0,0,0,0,0,0,0
"1221",247,1,0,0,0,0,0,0,0,0
"1222",247,2,0,0,0,0,0,0,0,0
"1223",247,3,0,0,0,0,0,0,0,0
"1224",247,4,0,0,0,0,0,0,0,0
"1225",247,5,0,0,0,0,0,0,0,0
"1226",248,1,0,0,0,0,0,0,0,0
"1227",248,2,0,0,0,0,0,0,0,0
"1228",248,3,0,0,0,0,0,0,0,0
"1229",248,4,0,0,0,0,0,0,0,0
"1230",248,5,0,0,0,0,0,0,0,0
"1231",249,1,0,0,0,0,0,0,0,0
"1232",249,2,0,0,0,0,0,0,0,0
"1233",249,3,0,0,0,0,0,0,0,0
"1234",249,4,0,0,0,0,0,0,0,0
"1235",249,5,0,0,0,0,0,0,0,0
"1236",250,1,0,4,0,0,0,0,0,0
"1237",250,2,0,2,0,0,0,0,0,0
"1238",250,3,0,4,0,0,0,0,0,0
"1239",250,4,0,2,0,0,0,0,0,0
"1240",250,5,0,1,0,0,0,0,0,0
"1241",251,1,0,0,0,0,0,0,0,0
"1242",251,2,0,0,0,0,0,0,0,0
"1243",251,3,0,0,0,0,0,0,0,0
"1244",251,4,0,0,0,0,0,0,0,0
"1245",251,5,0,0,0,0,0,0,0,0
"1246",252,1,0,0,0,0,0,0,0,0
"1247",252,2,0,0,0,0,0,0,0,0
"1248",252,3,0,0,0,0,0,0,0,0
"1249",252,4,0,0,0,0,0,0,0,0
"1250",252,5,0,0,0,0,0,0,0,0
"1251",253,1,0,0,0,0,0,0,0,0
"1252",253,2,0,0,0,0,0,0,0,0
"1253",253,3,0,0,0,0,0,0,0,0
"1254",253,4,0,0,0,0,0,0,0,0
"1255",253,5,0,0,0,0,0,0,0,0
"1256",254,1,0,0,0,0,0,0,0,0
"1257",254,2,0,0,0,0,0,0,0,0
"1258",254,3,0,0,0,0,0,0,0,0
"1259",254,4,0,0,0,0,0,0,0,0
"1260",254,5,0,0,0,0,0,0,0,0
"1261",255,1,0,0,0,0,0,0,0,0
"1262",255,2,0,0,0,0,0,0,0,0
"1263",255,3,0,0,0,0,0,0,0,0
"1264",255,4,0,0,0,0,0,0,0,0
"1265",255,5,0,0,0,0,0,0,0,0
"1266",256,1,0,0,0,0,0,0,0,0
"1267",256,2,0,0,0,0,0,0,0,0
"1268",256,3,0,0,0,0,0,0,0,0
"1269",256,4,0,0,0,0,0,0,0,0
"1270",256,5,0,0,0,0,0,0,0,0
"1271",257,1,0,0,0,0,0,0,0,0
"1272",257,2,0,0,0,0,0,0,0,0
"1273",257,3,0,0,0,0,0,0,0,0
"1274",257,4,0,0,0,0,0,0,0,0
"1275",257,5,0,0,0,0,0,0,0,0
"1276",258,1,0,0,0,0,0,0,0,0
"1277",258,2,0,0,0,0,0,0,0,0
"1278",258,3,0,0,0,0,0,0,0,0
"1279",258,4,0,0,0,0,0,0,0,0
"1280",258,5,0,0,0,0,0,0,0,0
"1281",259,1,0,0,0,0,0,0,0,0
"1282",259,2,0,0,0,0,0,0,0,0
"1283",259,3,0,0,0,0,0,0,0,0
"1284",259,4,0,0,0,0,0,0,0,0
"1285",259,5,0,0,0,0,0,0,0,0
"1286",260,1,0,0,0,0,0,0,0,0
"1287",260,2,0,0,0,0,0,0,0,0
"1288",260,3,0,0,0,0,0,0,0,0
"1289",260,4,0,0,0,0,0,0,0,0
"1290",260,5,0,0,0,0,0,0,0,0
"1291",261,1,0,0,0,0,0,0,0,0
"1292",261,2,0,0,0,0,0,0,0,0
"1293",261,3,0,0,0,0,0,0,0,0
"1294",261,4,0,0,0,0,0,0,0,0
"1295",261,5,0,0,0,0,0,0,0,0
"1296",262,1,0,0,0,0,0,0,0,0
"1297",262,2,0,0,0,0,0,0,0,0
"1298",262,3,0,0,0,0,0,0,0,0
"1299",262,4,0,0,0,0,0,0,0,0
"1300",262,5,0,0,0,0,0,0,0,0
"1301",263,1,0,0,0,0,0,0,0,0
"1302",263,2,0,0,0,0,0,0,0,0
"1303",263,3,0,0,0,0,0,0,0,0
"1304",263,4,0,0,0,0,0,0,0,0
"1305",263,5,0,0,0,0,0,0,0,0
"1306",264,1,0,0,0,0,0,0,0,0
"1307",264,2,0,0,0,0,0,0,0,0
"1308",264,3,0,0,0,0,0,0,0,0
"1309",264,4,0,0,0,0,0,0,0,0
"1310",264,5,0,0,0,0,0,0,0,0
"1311",265,1,0,0,0,0,0,0,0,0
"1312",265,2,0,0,0,0,0,0,0,0
"1313",265,3,0,0,0,0,0,0,0,0
"1314",265,4,0,0,0,0,0,0,0,0
"1315",265,5,0,0,0,0,0,0,0,0
"1316",266,1,0,0,0,0,0,0,0,0
"1317",266,2,0,0,0,0,0,0,0,0
"1318",266,3,0,0,0,0,0,0,0,0
"1319",266,4,0,0,0,0,0,0,0,0
"1320",266,5,0,0,0,0,0,0,0,0
"1321",267,1,0,0,0,0,0,0,0,0
"1322",267,2,0,0,0,0,0,0,0,0
"1323",267,3,0,0,0,0,0,0,0,0
"1324",267,4,0,0,0,0,0,0,0,0
"1325",267,5,0,0,0,0,0,0,0,0
"1326",268,1,0,0,0,0,0,0,0,0
"1327",268,2,0,0,0,0,0,0,0,0
"1328",268,3,0,0,0,0,0,0,0,0
"1329",268,4,0,0,0,0,0,0,0,0
"1330",268,5,0,0,0,0,0,0,0,0
"1331",270,1,0,0,0,0,0,0,0,0
"1332",270,2,0,0,0,0,0,0,0,0
"1333",270,3,0,0,0,0,0,0,0,0
"1334",270,4,0,0,0,0,0,0,0,0
"1335",270,5,0,0,0,0,0,0,0,0
"1336",271,1,0,0,0,0,0,0,0,0
"1337",271,2,0,0,0,0,0,0,0,0
"1338",271,3,0,0,0,0,0,0,0,0
"1339",271,4,0,0,0,0,0,0,0,0
"1340",271,5,0,0,0,0,0,0,0,0
"1341",272,1,0,0,0,0,0,0,0,0
"1342",272,2,0,0,0,0,0,0,0,0
"1343",272,3,0,0,0,0,0,0,0,0
"1344",272,4,0,0,0,0,0,0,0,0
"1345",272,5,0,0,0,0,0,0,0,0
"1346",273,1,0,0,0,0,0,0,0,0
"1347",273,2,0,0,0,0,0,0,0,0
"1348",273,3,0,0,0,0,0,0,0,0
"1349",273,4,0,0,0,0,0,0,0,0
"1350",273,5,0,0,0,0,0,0,0,0
"1351",274,1,0,0,0,0,0,0,0,0
"1352",274,2,0,0,0,0,0,0,0,0
"1353",274,3,0,0,0,0,0,0,0,0
"1354",274,4,0,0,0,0,0,0,0,0
"1355",274,5,0,0,0,0,0,0,0,0
"1356",275,1,0,0,0,0,0,0,0,0
"1357",275,2,0,0,0,0,0,0,0,0
"1358",275,3,0,0,0,0,0,0,0,0
"1359",275,4,0,0,0,0,0,0,0,0
"1360",275,5,0,0,0,0,0,0,0,0
"1361",276,1,0,0,0,0,0,0,0,0
"1362",276,2,0,0,0,0,0,0,0,0
"1363",276,3,0,0,0,0,0,0,0,0
"1364",276,4,0,0,0,0,0,0,0,0
"1365",276,5,0,0,0,0,0,0,0,0
"1366",277,1,0,0,0,0,0,0,0,0
"1367",277,2,0,0,0,0,0,0,0,0
"1368",277,3,0,0,0,0,0,0,0,0
"1369",277,4,0,0,0,0,0,0,0,0
"1370",277,5,0,0,0,0,0,0,0,0
"1371",278,1,0,0,0,0,0,0,0,0
"1372",278,2,0,0,0,0,0,0,0,0
"1373",278,3,0,0,0,0,0,0,0,0
"1374",278,4,0,0,0,0,0,0,0,0
"1375",278,5,0,0,0,0,0,0,0,0
"1376",279,1,0,0,0,0,0,0,0,0
"1377",279,2,0,0,0,0,0,0,0,0
"1378",279,3,0,0,0,0,0,0,0,0
"1379",279,4,0,0,0,0,0,0,0,0
"1380",279,5,0,0,0,0,0,0,0,0
"1381",280,1,0,0,0,0,0,0,0,0
"1382",280,2,0,0,0,0,0,0,0,0
"1383",280,3,0,0,0,0,0,0,0,0
"1384",280,4,0,0,0,0,0,0,0,0
"1385",280,5,0,0,0,0,0,0,0,0
"1386",281,1,0,0,0,0,0,0,0,0
"1387",281,2,0,0,0,0,0,0,0,0
"1388",281,3,0,0,0,0,0,0,0,0
"1389",281,4,0,0,0,0,0,0,0,0
"1390",281,5,0,0,0,0,0,0,0,0
"1391",282,1,0,0,0,0,0,0,0,0
"1392",282,2,0,0,0,0,0,0,0,0
"1393",282,3,0,0,0,0,0,0,0,0
"1394",282,4,0,0,0,0,0,0,0,0
"1395",282,5,0,0,0,0,0,0,0,0
"1396",283,1,0,0,0,0,0,0,0,0
"1397",283,2,0,0,0,0,0,0,0,0
"1398",283,3,0,0,0,0,0,0,0,0
"1399",283,4,0,0,0,0,0,0,0,0
"1400",283,5,0,0,0,0,0,0,0,0
"1401",284,1,0,0,0,0,0,0,0,0
"1402",284,2,0,0,0,0,0,0,0,0
"1403",284,3,0,0,0,0,0,0,0,0
"1404",284,4,0,0,0,0,0,0,0,0
"1405",284,5,0,0,0,0,0,0,0,0
"1406",285,1,0,5,0,0,0,0,0,0
"1407",285,2,0,10,0,0,0,0,0,0
"1408",285,3,0,2,0,0,0,0,0,0
"1409",285,4,0,5,0,0,0,0,0,0
"1410",285,5,0,7,0,0,0,0,0,0
"1411",286,1,0,0,0,0,0,0,0,0
"1412",286,2,0,0,0,0,0,0,0,0
"1413",286,3,0,0,0,0,0,0,0,0
"1414",286,4,0,0,0,0,0,0,0,0
"1415",286,5,0,0,0,0,0,0,0,0
"1416",287,1,0,0,0,0,0,0,0,0
"1417",287,2,0,0,0,0,0,0,0,0
"1418",287,3,0,0,0,0,0,0,0,0
"1419",287,4,0,0,0,0,0,0,0,0
"1420",287,5,0,0,0,0,0,0,0,0
"1421",288,1,0,0,0,0,0,0,0,0
"1422",288,2,0,0,0,0,0,0,0,0
"1423",288,3,0,0,0,0,0,0,0,0
"1424",288,4,0,0,0,0,0,0,0,0
"1425",288,5,0,0,0,0,0,0,0,0
"1426",290,1,0,0,0,0,0,0,0,0
"1427",290,2,0,0,0,0,0,0,0,0
"1428",290,3,0,0,0,0,0,0,0,0
"1429",290,4,0,0,0,0,0,0,0,0
"1430",290,5,0,0,0,0,0,0,0,0
"1431",291,1,0,2,0,0,0,0,0,0
"1432",291,2,0,5,0,0,0,0,0,0
"1433",291,3,0,8,0,0,0,0,0,0
"1434",291,4,0,8,0,0,0,0,0,0
"1435",291,5,0,5,0,0,0,0,0,0
"1436",292,1,0,0,0,0,0,0,0,0
"1437",292,2,0,0,0,0,0,0,0,0
"1438",292,3,0,0,0,0,0,0,0,0
"1439",292,4,0,0,0,0,0,0,0,0
"1440",292,5,0,0,0,0,0,0,0,0
"1441",293,1,0,5,0,0,0,0,0,0
"1442",293,2,0,3,0,0,0,0,0,0
"1443",293,3,0,5,0,0,0,0,0,0
"1444",293,4,0,5,0,0,0,0,0,0
"1445",293,5,0,4,0,0,0,0,0,0
"1446",294,1,0,0,0,0,0,0,0,0
"1447",294,2,0,0,0,0,0,0,0,0
"1448",294,3,0,0,0,0,0,0,0,0
"1449",294,4,0,0,0,0,0,0,0,0
"1450",294,5,0,0,0,0,0,0,0,0
"1451",295,1,0,3,0,0,0,0,0,0
"1452",295,2,0,2,0,0,0,0,0,0
"1453",295,3,0,5,0,0,0,0,0,0
"1454",295,4,0,0,0,0,0,0,0,0
"1455",295,5,0,8,0,0,0,0,0,0
"1456",296,1,0,0,0,0,0,0,0,0
"1457",296,2,0,0,0,0,0,0,0,0
"1458",296,3,0,0,0,0,0,0,0,0
"1459",296,4,0,0,0,0,0,0,0,0
"1460",296,5,0,0,0,0,0,0,0,0
"1461",297,1,0,0,0,0,0,0,0,0
"1462",297,2,0,0,0,0,0,0,0,0
"1463",297,3,0,0,0,0,0,0,0,0
"1464",297,4,0,0,0,0,0,0,0,0
"1465",297,5,0,0,0,0,0,0,0,0
"1466",298,1,0,0,0,0,0,0,0,0
"1467",298,2,0,0,0,0,0,0,0,0
"1468",298,3,0,0,0,0,0,0,0,0
"1469",298,4,0,0,0,0,0,0,0,0
"1470",298,5,0,0,0,0,0,0,0,0
"1471",299,1,0,0,0,0,0,0,0,0
"1472",299,2,0,0,0,0,0,0,0,0
"1473",299,3,0,0,0,0,0,0,0,0
"1474",299,4,0,0,0,0,0,0,0,0
"1475",299,5,0,0,0,0,0,0,0,0
"1476",300,1,0,0,0,0,0,0,0,0
"1477",300,2,0,0,0,0,0,0,0,0
"1478",300,3,0,0,0,0,0,0,0,0
"1479",300,4,0,0,0,0,0,0,0,0
"1480",300,5,0,0,0,0,0,0,0,0
"1481",301,1,0,0,0,0,0,0,0,0
"1482",301,2,0,0,0,0,0,0,0,0
"1483",301,3,0,0,0,0,0,0,0,0
"1484",301,4,0,0,0,0,0,0,0,0
"1485",301,5,0,0,0,0,0,0,0,0
"1486",302,1,0,0,0,0,0,0,0,0
"1487",302,2,0,0,0,0,0,0,0,0
"1488",302,3,0,0,0,0,0,0,0,0
"1489",302,4,0,0,0,0,0,0,0,0
"1490",302,5,0,0,0,0,0,0,0,0
"1491",303,1,0,0,0,0,0,0,0,0
"1492",303,2,0,0,0,0,0,0,0,0
"1493",303,3,0,0,0,0,0,0,0,0
"1494",303,4,0,0,0,0,0,0,0,0
"1495",303,5,0,0,0,0,0,0,0,0
"1496",304,1,0,0,0,0,0,0,0,0
"1497",304,2,0,0,0,0,0,0,0,0
"1498",304,3,0,0,0,0,0,0,0,0
"1499",304,4,0,0,0,0,0,0,0,0
"1500",304,5,0,0,0,0,0,0,0,0
"1501",305,1,0,0,0,0,0,0,0,0
"1502",305,2,0,0,0,0,0,0,0,0
"1503",305,3,0,0,0,0,0,0,0,0
"1504",305,4,0,0,0,0,0,0,0,0
"1505",305,5,0,0,0,0,0,0,0,0
"1506",306,1,0,9,0,0,0,0,0,0
"1507",306,2,0,13,0,0,0,0,0,0
"1508",306,3,0,0,0,0,0,0,0,0
"1509",306,4,0,14,0,0,0,0,0,0
"1510",306,5,0,17,0,0,0,0,0,0
"1511",307,1,0,0,0,0,0,0,0,0
"1512",307,2,0,0,0,0,0,0,0,0
"1513",307,3,0,0,0,0,0,0,0,0
"1514",307,4,0,0,0,0,0,0,0,0
"1515",307,5,0,0,0,0,0,0,0,0
"1516",308,1,0,3,0,0,0,0,0,0
"1517",308,2,0,0,0,0,0,0,0,0
"1518",308,3,0,4,0,0,0,0,0,0
"1519",308,4,0,8,0,0,0,0,0,0
"1520",308,5,0,0,0,0,0,0,0,0
"1521",309,1,0,0,0,0,0,0,0,0
"1522",309,2,0,0,0,0,0,0,0,0
"1523",309,3,0,0,0,0,0,0,0,0
"1524",309,4,0,0,0,0,0,0,0,0
"1525",309,5,0,0,0,0,0,0,0,0
"1526",310,1,0,0,0,0,0,0,0,0
"1527",310,2,0,5,0,0,0,0,0,0
"1528",310,3,0,0,0,0,0,0,0,0
"1529",310,4,0,0,0,0,0,0,0,0
"1530",310,5,0,0,0,0,0,0,0,0
"1531",311,1,0,0,0,0,0,0,0,0
"1532",311,2,0,0,0,0,0,0,0,0
"1533",311,3,0,0,0,0,0,0,0,0
"1534",311,4,0,0,0,0,0,0,0,0
"1535",311,5,0,0,0,0,0,0,0,0
"1536",312,1,0,0,0,0,0,0,0,0
"1537",312,2,0,0,0,0,0,0,0,0
"1538",312,3,0,0,0,0,0,0,0,0
"1539",312,4,0,0,0,0,0,0,0,0
"1540",312,5,0,0,0,0,0,0,0,0
"1541",313,1,0,0,0,0,0,0,0,0
"1542",313,2,0,0,0,0,0,0,0,0
"1543",313,3,0,0,0,0,0,0,0,0
"1544",313,4,0,0,0,0,0,0,0,0
"1545",313,5,0,0,0,0,0,0,0,0
"1546",314,1,0,0,0,0,0,0,0,0
"1547",314,2,0,0,0,0,0,0,0,0
"1548",314,3,0,0,0,0,0,0,0,0
"1549",314,4,0,0,0,0,0,0,0,0
"1550",314,5,0,0,0,0,0,0,0,0
"1551",315,1,0,0,0,0,0,0,0,0
"1552",315,2,0,0,0,0,0,0,0,0
"1553",315,3,0,0,0,0,0,0,0,0
"1554",315,4,0,0,0,0,0,0,0,0
"1555",315,5,0,0,0,0,0,0,0,0
"1556",316,1,0,0,0,0,0,0,0,0
"1557",316,2,0,0,0,0,0,0,0,0
"1558",316,3,0,0,0,0,0,0,0,0
"1559",316,4,0,0,0,0,0,0,0,0
"1560",316,5,0,0,0,0,0,0,0,0
"1561",317,1,0,0,0,0,0,0,0,0
"1562",317,2,0,0,0,0,0,0,0,0
"1563",317,3,0,0,0,0,0,0,0,0
"1564",317,4,0,0,0,0,0,0,0,0
"1565",317,5,0,0,0,0,0,0,0,0
"1566",318,1,0,0,0,0,0,0,0,0
"1567",318,2,0,0,0,0,0,0,0,0
"1568",318,3,0,0,0,0,0,0,0,0
"1569",318,4,0,0,0,0,0,0,0,0
"1570",318,5,0,0,0,0,0,0,0,0
